DC1	00155D073302	10.0.7.2
TSBackup101	00155D073301	10.0.7.61
TSCARoot_off	00155D073368	10.0.7.59
TSCM	00155D07334B	10.0.7.11
TSCMDB	00155D07334E	10.0.7.13
TSDHCP01	00155D073365	10.0.7.199
TSGateway	00155D073359	10.0.7.15
TSGW02	00155D0734CF	46.164.157.54
TSGW02	00155D0734D0	10.0.7.99
TSGW02-VOLZ	00155D0734A5	
TSGW02-VOLZ	00155D0734A6	
TSInternalCRM1	00155D07335C	10.0.7.14
TSInternalCRM3	00155D073358	10.0.7.21
ts-k8s-m1	00155D073397	10.0.7.141
ts-k8s-n1	00155D07339A	
TSLicense	00155D073364	10.0.7.16
TSMonitor	00155D073352	10.0.7.7
TSNPS	00155D073353	10.0.7.26
TSRDP01	00155D07335A	10.0.7.19
TSSep	00155D073306	10.0.7.45
TSSHcontrol	00155D073366	10.0.7.64
TSSHcontrol	00155D073367	192.168.50.3
TSTMG03	00155D073354	
TSTMG03	00155D073355	46.164.135.109
PDC	00155D143D00	10.0.7.1
TSAdc	00155D143D0E	10.0.7.4
TSBizTalk	00155D143D03	10.0.7.6
tsdata	00155D143D0D	
TSDB01_HP01	00155D143D01	10.0.7.78
TSInternalCRM4	00155D143D09	10.0.7.24
TSInternalData	00155D143D02	10.0.7.79
TSInternalSVC	00155D143D06	10.0.7.20
ts-k8s-m3	00155D073305	10.0.7.143
TSMail1	00155D143D0A	10.0.7.31
TSMail1	00155D143D0B	46.164.135.110
TSMail1	00155D143D0C	100.100.200.10
TS-Swarm-NFS	00155D143D04	10.0.7.135
DC2	00155D073404	10.0.7.3
DMZTerm01	00155D07340C	
MassMail	00155D073437	
TSBackup102	00155D073431	10.0.7.62
tsbuild-k8s-m1	00155D0734FA	
tsbuild-k8s-n1	00155D0734FB	
tsbuild-k8s-n2	00155D0734FC	
TSCA01	00155D0734E9	10.0.7.65
TSData	00155D0734E1	10.0.7.33
TSDevOps	00155D07335B	10.0.7.177
TSEset	00155D073361	10.0.7.22
TSFTP	00155D073488	10.0.7.5
TSinternalCRM2	00155D07335D	10.0.7.25
ts-k8s-m2	00155D073307	
ts-k8s-n2	00155D073308	10.0.7.145
TSMail2	00155D07341B	10.0.7.32
TSMail2	00155D07341C	194.183.182.103
TSMail2	00155D07341D	100.100.200.20
TSOlap	00155D073362	10.0.7.77
TSPrint01	00155D0734E8	10.0.7.63
TSRDP03	00155D073403	
TSSSO01	00155D07340D	10.0.7.107
TSStore	00155D073410	10.0.7.87
TSSyslog	00155D073363	10.0.7.23
tsvoip01-node02	00155D0734E5	10.0.7.72
tsvoip01-node02	00155D0734E6	
tsvoip01-node02	00155D0734E7	194.183.182.104
TSWSUS01	00155D0734BA	10.0.7.42
z_sanbox_exchange	00155D07340B	10.0.70.30
z_sanbox_exchange	00155D073455	
z_sandbox_adfs	00155D07340A	10.0.70.52
z_sandbox_dc	00155D073409	10.0.70.1
z_sandbox_win7	00155D073405	
z_sandbox16_dc16	00155D07343C	10.0.70.200
z_sandbox16_exchange16	00155D07343E	10.0.70.201
z_test_win7	00155D07344A	
z_test-svn01		
z_test-win10-tsod-client	00155D0734A1	
tsnode02	0CC47AE310B5	
tsnode02	0CC47AE310B4	10.0.7.52
tsnode02	0CC47AEA4B19	
tsnode02	0CC47AEA4B18	
tsnode02	0CC47AE41AF3	10.10.20.56
tsnode02	0CC47AE41AF2	10.10.20.55
tsnode02	0CC47AE41AF1	
tsnode02	0CC47AE41AF0	
tsnode02	0CC47AE310B7	10.10.10.56
tsnode02	0CC47AE310B6	10.10.10.55
tsnode02	0CC47AE310B5	
tsnode02	0CC47AE310B4	
tsnode02	0CC47ADB81B9	100.100.100.2
tsnode02	0CC47ADB81B8	
tsnode01	0CC47ADB474B	100.100.100.1
tsnode01	0CC47ADB474A	
tsnode01	AC1F6B2083C9	
tsnode01	0CC47AEA38EB	
tsnode01	0CC47AEA38EA	
tsnode01	0CC47A8606D7	10.10.20.52
tsnode01	0CC47A8606D6	10.10.20.51
tsnode01	0CC47A8606D5	
tsnode01	0CC47A8606D4	
tsnode01	0CC47A8606D4	
tsnode01	AC1F6B2083CB	10.10.10.52
tsnode01	AC1F6B2083CA	10.10.10.51
tsnode01	AC1F6B2083C9	
tsnode01	AC1F6B2083C8	
tsnode03	AC1F6BACE6B1	
tsnode03	AC1F6BACE6B1	
tsnode03	AC1F6BACE6B0	
tsnode03	AC1F6B494B4F	100.100.100.3
tsnode03	AC1F6B494B4E	
tsnode03	AC1F6B9571A7	10.10.20.62
tsnode03	AC1F6B9571A6	10.10.20.61
tsnode03	AC1F6B9571A5	10.10.10.62
tsnode03	AC1F6B9571A4	10.10.10.61
tsnode03	AC1F6BACE6AB	
tsnode03	AC1F6BACE6AA	
tsnode03	AC1F6BACE6B0	10.0.7.210
tsnode03	AC1F6BACE6B0	10.0.7.53
